{
    "correctness": {
        "scores": [
            1.0,
            1.0,
            1.0,
            1.0,
            0.469992191112092,
            0.9933828044891069,
            1.0,
            0.6092930937279798,
            1.0,
            1.0,
            0.2722432663426252,
            1.0,
            1.0,
            0.555829585344658,
            1.0,
            0.5178811062175556,
            1.0,
            1.0,
            0.47466989303841406,
            0.5101613277929185,
            0.8070269279451306,
            0.4204621957665465,
            1.0,
            0.66474640914959,
            0.25416003028908685,
            0.7845775728168608,
            1.0,
            0.0,
            0.7140259235406586,
            0.8476274448218255,
            0.17993506650644356,
            1.0,
            0.2745821539857053,
            0.38610854131014627,
            1.0,
            1.0,
            1.0,
            1.0,
            1.0,
            0.18489375922432236,
            1.0,
            0.2324670782268469,
            0.0319082658207243,
            1.0,
            0.3225318577756411,
            0.9816305562356948,
            1.0,
            1.0,
            1.0,
            1.0
        ],
        "mean": 0.7498027410296114,
        "ci_lower": 0.6591894733254591,
        "ci_upper": 0.8379414150918014
    },
    "EM": {
        "scores": [
            1.0,
            1.0,
            1.0,
            1.0,
            0.0,
            1.0,
            1.0,
            0.0,
            1.0,
            1.0,
            0.0,
            1.0,
            1.0,
            0.0,
            1.0,
            0.0,
            1.0,
            1.0,
            0.0,
            0.0,
            0.0,
            0.0,
            1.0,
            0.0,
            0.0,
            0.0,
            1.0,
            0.0,
            0.0,
            0.0,
            0.0,
            0.0,
            0.0,
            0.0,
            1.0,
            1.0,
            1.0,
            1.0,
            1.0,
            0.0,
            1.0,
            0.0,
            0.0,
            1.0,
            0.0,
            1.0,
            1.0,
            1.0,
            1.0,
            1.0
        ],
        "mean": 0.54,
        "ci_lower": 0.4,
        "ci_upper": 0.68
    },
    "f1": {
        "scores": [
            1.0,
            1.0,
            1.0,
            1.0,
            0.4,
            1.0,
            1.0,
            0.8,
            1.0,
            1.0,
            0.1818181818181818,
            1.0,
            1.0,
            0.6666666666666666,
            1.0,
            0.33333333333333337,
            1.0,
            1.0,
            0.0,
            0.888888888888889,
            0.0,
            0.33333333333333337,
            1.0,
            0.6666666666666666,
            0.0,
            0.8,
            1.0,
            0.28571428571428575,
            0.5714285714285715,
            0.0,
            0.0,
            1.0,
            0.0,
            0.5714285714285715,
            1.0,
            1.0,
            1.0,
            1.0,
            1.0,
            0.0,
            1.0,
            0.0,
            0.4,
            1.0,
            0.5,
            1.0,
            1.0,
            1.0,
            1.0,
            1.0
        ],
        "mean": 0.7079855699855699,
        "ci_lower": 0.5976564935064935,
        "ci_upper": 0.8108924963924964
    }
}