{
    "correctness": {
        "scores": [
            0.0022977367233847504,
            0.3004111303534208,
            0.1895942434957011,
            0.9954045257754662,
            0.18092711250106905,
            0.45496547089299993,
            0.0,
            0.7202951236813125,
            0.7862947851822268,
            0.21565622267254966,
            0.007585817427579647,
            0.8261749896402435,
            0.15533505815886664,
            0.03395014568895484,
            0.0,
            0.28027067449474796,
            0.26344466944848105,
            0.5811114807706854,
            0.007585817949893016,
            0.20806310662393526,
            0.9602807398129596,
            0.3725200538364122,
            0.3256976870348375,
            0.761679814265559,
            0.17238238256522437,
            0.8220302635124638,
            0.4522848422500835,
            0.006008664554541885,
            0.015296734811181361,
            0.0,
            0.22278452107217803,
            0.8196968379411016,
            0.25856612358796843,
            0.4780737223523056,
            0.06313652663031089,
            0.0017986212561140716,
            0.8205888793423194,
            0.7287995226699002,
            0.0326623252177091,
            0.49339641589343264,
            0.0,
            0.30062879110332685,
            0.0,
            0.7551065437850293,
            0.0,
            0.2784262200874857,
            0.7645948511240543,
            0.04265028739230444,
            0.7937029080539088,
            0.7763903548238604
        ],
        "mean": 0.35457105492916186,
        "ci_lower": 0.2667353692540518,
        "ci_upper": 0.4446028328779604
    },
    "EM": {
        "scores": [
            0.0,
            0.0,
            0.0,
            0.0,
            0.0,
            0.0,
            0.0,
            0.0,
            0.0,
            0.0,
            0.0,
            0.0,
            0.0,
            0.0,
            0.0,
            0.0,
            0.0,
            0.0,
            0.0,
            0.0,
            0.0,
            0.0,
            0.0,
            0.0,
            0.0,
            0.0,
            0.0,
            0.0,
            0.0,
            0.0,
            0.0,
            0.0,
            0.0,
            0.0,
            0.0,
            0.0,
            0.0,
            0.0,
            0.0,
            0.0,
            0.0,
            0.0,
            0.0,
            0.0,
            0.0,
            0.0,
            0.0,
            0.0,
            0.0,
            0.0
        ],
        "mean": 0.0,
        "ci_lower": 0.0,
        "ci_upper": 0.0
    },
    "f1": {
        "scores": [
            0.0,
            0.0,
            0.0,
            0.2222222222222222,
            0.25,
            0.14285714285714288,
            0.0,
            0.2222222222222222,
            0.15384615384615385,
            0.08,
            0.0909090909090909,
            0.19999999999999998,
            0.0,
            0.0,
            0.0,
            0.1,
            0.0,
            0.10526315789473684,
            0.0,
            0.0,
            0.18181818181818182,
            0.5714285714285713,
            0.0,
            0.15384615384615385,
            0.1739130434782609,
            0.16666666666666669,
            0.2222222222222222,
            0.16,
            0.12500000000000003,
            0.0,
            0.0,
            0.18181818181818182,
            0.0,
            0.14285714285714285,
            0.0,
            0.0,
            0.23529411764705882,
            0.15384615384615385,
            0.0,
            0.0,
            0.0,
            0.0909090909090909,
            0.0,
            0.17142857142857143,
            0.26666666666666666,
            0.33333333333333337,
            0.2857142857142857,
            0.07407407407407407,
            0.16666666666666669,
            0.14814814814814814
        ],
        "mean": 0.11145942525042,
        "ci_lower": 0.08052821981915972,
        "ci_upper": 0.14475534348308747
    }
}