{
    "correctness": {
        "scores": [
            0.0,
            0.2,
            0.5,
            1.0,
            0.0,
            0.9,
            0.0,
            0.9,
            1.0,
            0.0,
            0.0,
            1.0,
            0.5,
            0.0,
            0.0,
            0.316,
            0.5,
            1.0,
            0.0,
            0.0,
            1.0,
            0.5,
            0.5,
            1.0,
            0.0,
            1.0,
            1.0,
            0.0,
            0.0,
            0.0,
            0.0,
            1.0,
            0.5,
            0.9,
            0.0,
            0.0,
            1.0,
            1.0,
            0.0,
            0.5,
            0.0,
            0.3,
            0.0,
            1.0,
            0.0,
            0.0,
            1.0,
            0.0,
            1.0,
            1.0
        ],
        "mean": 0.44032,
        "ci_lower": 0.31998200000000016,
        "ci_upper": 0.562
    }
}