{
    "correctness": {
        "scores": [
            0.0,
            1.0,
            0.0,
            1.0,
            0.0,
            1.0,
            1.0,
            1.0,
            1.0,
            0.0,
            0.0,
            1.0,
            1.0,
            1.0,
            0.0,
            0.3,
            0.2,
            1.0,
            0.0,
            0.0,
            1.0,
            0.6,
            1.0,
            0.0,
            1.0,
            1.0,
            1.0,
            0.0,
            0.0,
            1.0,
            0.0,
            0.0,
            0.8,
            0.8,
            1.0,
            0.0,
            1.0,
            1.0,
            1.0,
            1.0,
            0.0,
            0.2,
            0.0,
            1.0,
            0.0,
            0.0,
            1.0,
            0.0,
            1.0,
            1.0
        ],
        "mean": 0.5579999999999999,
        "ci_lower": 0.426,
        "ci_upper": 0.6919999999999998
    }
}