{
    "correctness": {
        "scores": [
            1.0,
            0.9962673113325188,
            0.9645431850958189,
            0.7222227450874154,
            0.26523605357030655,
            0.03736799355028391,
            0.903520704290003,
            0.5470293069388706,
            0.966249159461013,
            0.7971397492811031,
            0.6744220255622904,
            0.9793868753469441,
            0.9221719866860554,
            0.9590507316084536,
            0.8818626964553301,
            0.5110596286268404,
            0.7377538765307075,
            0.8790452674301518,
            0.46012406247401616,
            0.7791963768141938,
            0.9225042292219967,
            0.5038076281811368,
            0.8076310055002136,
            0.6458085860674145,
            0.9890232738693763,
            0.9592052517319803,
            0.4588171141753502,
            0.2963782447547539,
            0.8499999999999999,
            0.814427421686179,
            1.0,
            0.9305981797987286,
            0.30242910926810934,
            0.39015457252186037,
            0.8517027325424087,
            0.9277136885384458,
            0.9099517118844579,
            0.9174163126942627,
            0.9663921999423357,
            0.21218644175960755,
            0.9899107442056876,
            0.37194705755235746,
            0.04238234623278632,
            0.9982013786155784,
            0.8670024383753487,
            0.13500723354858607,
            0.9744302719699952,
            0.986636101364207,
            0.9952574125476061,
            0.9977022631511694
        ],
        "mean": 0.7399654937568851,
        "ci_lower": 0.6592591302382488,
        "ci_upper": 0.8156207725513914
    },
    "EM": {
        "scores": [
            1.0,
            1.0,
            1.0,
            0.0,
            0.0,
            0.0,
            1.0,
            0.0,
            1.0,
            0.0,
            0.0,
            1.0,
            1.0,
            1.0,
            1.0,
            0.0,
            0.0,
            0.0,
            0.0,
            1.0,
            0.0,
            0.0,
            0.0,
            0.0,
            0.0,
            1.0,
            0.0,
            0.0,
            0.0,
            0.0,
            1.0,
            0.0,
            0.0,
            0.0,
            1.0,
            0.0,
            1.0,
            1.0,
            1.0,
            0.0,
            1.0,
            0.0,
            0.0,
            1.0,
            1.0,
            0.0,
            1.0,
            1.0,
            1.0,
            1.0
        ],
        "mean": 0.46,
        "ci_lower": 0.32,
        "ci_upper": 0.6
    },
    "f1": {
        "scores": [
            1.0,
            1.0,
            1.0,
            0.6666666666666666,
            0.2857142857142857,
            0.0,
            1.0,
            0.8,
            1.0,
            1.0,
            0.5263157894736842,
            1.0,
            1.0,
            1.0,
            1.0,
            0.33333333333333337,
            0.33333333333333337,
            1.0,
            0.0,
            1.0,
            0.18181818181818182,
            0.33333333333333337,
            0.25,
            0.6666666666666666,
            0.8,
            1.0,
            0.23529411764705882,
            0.6666666666666666,
            0.888888888888889,
            0.0,
            1.0,
            1.0,
            0.0,
            0.5714285714285715,
            1.0,
            0.6666666666666666,
            1.0,
            1.0,
            1.0,
            0.0,
            1.0,
            0.13333333333333333,
            0.4,
            1.0,
            1.0,
            0.0,
            1.0,
            1.0,
            1.0,
            1.0
        ],
        "mean": 0.6947891966994135,
        "ci_lower": 0.5889651642475172,
        "ci_upper": 0.7967734711109324
    }
}
